Timestamp_ns,Delta_ns,Delta_sec
526062868,,
527539797,1476929.0,0.001476929
558107749,30567952.0,0.030567952
561879780,3772031.0,0.003772031
592862776,30982996.0,0.030982996
619318649,26455873.0,0.026455873
619533628,214979.0,0.000214979
626903413,7369785.0,0.007369785
627032852,129439.0,0.000129439
628970746,1937894.0,0.001937894
638907251,9936505.0,0.009936505
639151729,244478.0,0.000244478
644735621,5583892.0,0.005583892
647266592,2530971.0,0.002530971
656837591,9570999.0,0.009570999
657042347,204756.0,0.000204756
659403435,2361088.0,0.002361088
663689995,4286560.0,0.00428656
665643826,1953831.0,0.001953831
675131778,9487952.0,0.009487952
675333368,201590.0,0.00020159
681128690,5795322.0,0.005795322
683082091,1953401.0,0.001953401
692388662,9306571.0,0.009306571
692595429,206767.0,0.000206767
697839154,5243725.0,0.005243725
698602602,763448.0,0.000763448
700548234,1945632.0,0.001945632
709841131,9292897.0,0.009292897
710051966,210835.0,0.000210835
726224560,16172594.0,0.016172594
726451645,227085.0,0.000227085
728273254,1821609.0,0.001821609
740110154,11836900.0,0.0118369
740327708,217554.0,0.000217554
759563056,19235348.0,0.019235348
759790417,227361.0,0.000227361
761686221,1895804.0,0.001895804
771031468,9345247.0,0.009345247
771238508,207040.0,0.00020704
792909396,21670888.0,0.021670888
793169159,259763.0,0.000259763
795030488,1861329.0,0.001861329
804295647,9265159.0,0.009265159
804537977,242330.0,0.00024233
826077244,21539267.0,0.021539267
826299278,222034.0,0.000222034
828162625,1863347.0,0.001863347
848668590,20505965.0,0.020505965
848884483,215893.0,0.000215893
859565057,10680574.0,0.010680574
859794013,228956.0,0.000228956
861685197,1891184.0,0.001891184
871484177,9798980.0,0.00979898
871690385,206208.0,0.000206208
898137806,26447421.0,0.026447421
920736863,22599057.0,0.022599057
926119395,5382532.0,0.005382532
936858903,10739508.0,0.010739508
961863769,25004866.0,0.025004866
1011212851,49349082.0,0.049349082
1012920803,1707952.0,0.001707952
1056194080,43273277.0,0.043273277
1056030759,-163321.0,-0.000163321
1068868527,12837768.0,0.012837768
1135559120,66690593.0,0.066690593
1137298012,1738892.0,0.001738892
1175712516,38414504.0,0.038414504
1175431764,-280752.0,-0.000280752
1186426205,10994441.0,0.010994441
1255034658,68608453.0,0.068608453
1256446830,1412172.0,0.001412172
1294483229,38036399.0,0.038036399
1294280846,-202383.0,-0.000202383
1306876827,12595981.0,0.012595981
1374131501,67254674.0,0.067254674
1375641557,1510056.0,0.001510056
1412648287,37006730.0,0.03700673
1412320644,-327643.0,-0.000327643
1423511695,11191051.0,0.011191051
1489062785,65551090.0,0.06555109
1490759246,1696461.0,0.001696461
1527215233,36455987.0,0.036455987
1527014867,-200366.0,-0.000200366
1539586921,12572054.0,0.012572054
1606066088,66479167.0,0.066479167
1607449892,1383804.0,0.001383804
1646233834,38783942.0,0.038783942
1646093494,-140340.0,-0.00014034
1657353250,11259756.0,0.011259756
1725789525,68436275.0,0.068436275
1727167743,1378218.0,0.001378218
1765742146,38574403.0,0.038574403
1765384181,-357965.0,-0.000357965
1778179293,12795112.0,0.012795112
1845216375,67037082.0,0.067037082
1846853552,1637177.0,0.001637177
1884038747,37185195.0,0.037185195
1883822243,-216504.0,-0.000216504
1895202777,11380534.0,0.011380534
1962142580,66939803.0,0.066939803
1963823328,1680748.0,0.001680748
2002290700,38467372.0,0.038467372
2002018224,-272476.0,-0.000272476
2014406125,12387901.0,0.012387901
2081880971,67474846.0,0.067474846
2083298010,1417039.0,0.001417039
2131794323,48496313.0,0.048496313
2131560880,-233443.0,-0.000233443
2144151559,12590679.0,0.012590679
2211219661,67068102.0,0.067068102
2212965730,1746069.0,0.001746069
2251138466,38172736.0,0.038172736
2250997783,-140683.0,-0.000140683
2263064958,12067175.0,0.012067175
2329322891,66257933.0,0.066257933
2331274586,1951695.0,0.001951695
2368876386,37601800.0,0.0376018
2368622057,-254329.0,-0.000254329
2381616427,12994370.0,0.01299437
2449223815,67607388.0,0.067607388
2450708251,1484436.0,0.001484436
2487558118,36849867.0,0.036849867
2487301168,-256950.0,-0.00025695
2499793322,12492154.0,0.012492154
2565656021,65862699.0,0.065862699
2567401536,1745515.0,0.001745515
2604689321,37287785.0,0.037287785
2604514480,-174841.0,-0.000174841
2616771068,12256588.0,0.012256588
2683954173,67183105.0,0.067183105
2684736850,782677.0,0.000782677
2722126320,37389470.0,0.03738947
2721967848,-158472.0,-0.000158472
2734188891,12221043.0,0.012221043
2801287430,67098539.0,0.067098539
2803043775,1756345.0,0.001756345
2843068497,40024722.0,0.040024722
2842907137,-161360.0,-0.00016136
2854925594,12018457.0,0.012018457
2921855119,66929525.0,0.066929525
2923326414,1471295.0,0.001471295
2961238790,37912376.0,0.037912376
2960979742,-259048.0,-0.000259048
2973776964,12797222.0,0.012797222
3040685136,66908172.0,0.066908172
3042217652,1532516.0,0.001532516
3082560664,40343012.0,0.040343012
3082303056,-257608.0,-0.000257608
3093368189,11065133.0,0.011065133
3159490862,66122673.0,0.066122673
3160969879,1479017.0,0.001479017
3198395784,37425905.0,0.037425905
3198236644,-159140.0,-0.00015914
3210446472,12209828.0,0.012209828
3279888998,69442526.0,0.069442526
3281350331,1461333.0,0.001461333
3319526082,38175751.0,0.038175751
3319297635,-228447.0,-0.000228447
3331531733,12234098.0,0.012234098
3399133084,67601351.0,0.067601351
3400505503,1372419.0,0.001372419
3555751137,155245634.0,0.155245634
3555495180,-255957.0,-0.000255957
3568075022,12579842.0,0.012579842
3636604559,68529537.0,0.068529537
3638178255,1573696.0,0.001573696
3677250924,39072669.0,0.039072669
3677080139,-170785.0,-0.000170785
3688110779,11030640.0,0.01103064
3756704161,68593382.0,0.068593382
3758739982,2035821.0,0.002035821
3798210359,39470377.0,0.039470377
3797939088,-271271.0,-0.000271271
3810132397,12193309.0,0.012193309
3876287781,66155384.0,0.066155384
3877826056,1538275.0,0.001538275
4936726865,1058900809.0,1.058900809
4936455724,-271141.0,-0.000271141
4948717754,12262030.0,0.01226203
5015332673,66614919.0,0.066614919
5016764007,1431334.0,0.001431334
5052828869,36064862.0,0.036064862
5052550915,-277954.0,-0.000277954
5065801683,13250768.0,0.013250768
5132795608,66993925.0,0.066993925
5134374920,1579312.0,0.001579312
5172275071,37900151.0,0.037900151
5172103469,-171602.0,-0.000171602
5184153868,12050399.0,0.012050399
5251496048,67342180.0,0.06734218
5253056369,1560321.0,0.001560321
5290646456,37590087.0,0.037590087
5290389433,-257023.0,-0.000257023
5302503545,12114112.0,0.012114112
5369214435,66710890.0,0.06671089
5370650030,1435595.0,0.001435595
5410135043,39485013.0,0.039485013
5409877766,-257277.0,-0.000257277
5420819082,10941316.0,0.010941316
5486704715,65885633.0,0.065885633
5488045017,1340302.0,0.001340302
5527483957,39438940.0,0.03943894
5527220542,-263415.0,-0.000263415
5539742073,12521531.0,0.012521531
5607442351,67700278.0,0.067700278
5609166622,1724271.0,0.001724271
5648855419,39688797.0,0.039688797
5648582797,-272622.0,-0.000272622
5660062398,11479601.0,0.011479601
5726226583,66164185.0,0.066164185
5727550588,1324005.0,0.001324005
5769921497,42370909.0,0.042370909
5769761368,-160129.0,-0.000160129
5782297138,12535770.0,0.01253577
5853171163,70874025.0,0.070874025
5854019481,848318.0,0.000848318
5892741192,38721711.0,0.038721711
5892597579,-143613.0,-0.000143613
5905095764,12498185.0,0.012498185
5970825371,65729607.0,0.065729607
5972181125,1355754.0,0.001355754
6011097342,38916217.0,0.038916217
6010940334,-157008.0,-0.000157008
6023136747,12196413.0,0.012196413
6089411926,66275179.0,0.066275179
6090381695,969769.0,0.000969769
6346186236,255804541.0,0.255804541
6346028137,-158099.0,-0.000158099
6365423690,19395553.0,0.019395553
6440292418,74868728.0,0.074868728
6441661197,1368779.0,0.001368779
6495921477,54260280.0,0.05426028
6495778443,-143034.0,-0.000143034
6507586300,11807857.0,0.011807857
6573574694,65988394.0,0.065988394
6574986675,1411981.0,0.001411981
7662054098,1087067423.0,1.087067423
7663648245,1594147.0,0.001594147
7665173257,1525012.0,0.001525012
7668881998,3708741.0,0.003708741
7668774484,-107514.0,-0.000107514
7684690282,15915798.0,0.015915798
7745332237,60641955.0,0.060641955
7746075882,743645.0,0.000743645
7781344509,35268627.0,0.035268627
7782089504,744995.0,0.000744995
7782494532,405028.0,0.000405028
7783329230,834698.0,0.000834698
7783522020,192790.0,0.00019279
7790145397,6623377.0,0.006623377
7820624660,30479263.0,0.030479263
7821398192,773532.0,0.000773532
7859403865,38005673.0,0.038005673
7860031517,627652.0,0.000627652
7860835244,803727.0,0.000803727
7861019212,183968.0,0.000183968
7867831693,6812481.0,0.006812481
7898693409,30861716.0,0.030861716
7899453506,760097.0,0.000760097
7949864957,50411451.0,0.050411451
7950497857,632900.0,0.0006329
7951298248,800391.0,0.000800391
7953733093,2434845.0,0.002434845
7958293610,4560517.0,0.004560517
7993115280,34821670.0,0.03482167
7993966059,850779.0,0.000850779
8057272506,63306447.0,0.063306447
8057491412,218906.0,0.000218906
8064282636,6791224.0,0.006791224
8065657682,1375046.0,0.001375046
8066154300,496618.0,0.000496618
8105547685,39393385.0,0.039393385
8106482895,935210.0,0.00093521
8303404469,196921574.0,0.196921574
8303998495,594026.0,0.000594026
8304285707,287212.0,0.000287212
8304294880,9173.0,9.173e-06
8304673425,378545.0,0.000378545
8315008502,10335077.0,0.010335077
8360917336,45908834.0,0.045908834
8361758401,841065.0,0.000841065
8377266317,15507916.0,0.015507916
8377578447,312130.0,0.00031213
8378247245,668798.0,0.000668798
8378124335,-122910.0,-0.00012291
8385043802,6919467.0,0.006919467
8428976339,43932537.0,0.043932537
8429836958,860619.0,0.000860619
8608059528,178222570.0,0.17822257
8608284305,224777.0,0.000224777
8608255444,-28861.0,-2.8861e-05
8608574388,318944.0,0.000318944
8615536467,6962079.0,0.006962079
8646435176,30898709.0,0.030898709
8647197347,762171.0,0.000762171
8659004659,11807312.0,0.011807312
8659231513,226854.0,0.000226854
8659206687,-24826.0,-2.4826e-05
8659486892,280205.0,0.000280205
8669092605,9605713.0,0.009605713
8704369886,35277281.0,0.035277281
8705104643,734757.0,0.000734757
8776724305,71619662.0,0.071619662
8777359556,635251.0,0.000635251
8777615453,255897.0,0.000255897
8777702834,87381.0,8.7381e-05
8778024984,322150.0,0.00032215
8784580206,6555222.0,0.006555222
8826712752,42132546.0,0.042132546
8827492539,779787.0,0.000779787
8981363148,153870609.0,0.153870609
8981680208,317060.0,0.00031706
8981633455,-46753.0,-4.6753e-05
8981937768,304313.0,0.000304313
8988849992,6912224.0,0.006912224
9023730357,34880365.0,0.034880365
9024493790,763433.0,0.000763433
9091100701,66606911.0,0.066606911
9091339838,239137.0,0.000239137
9091326817,-13021.0,-1.3021e-05
9091603395,276578.0,0.000276578
9106542319,14938924.0,0.014938924
9145113481,38571162.0,0.038571162
9145938559,825078.0,0.000825078
9157023402,11084843.0,0.011084843
9157235575,212173.0,0.000212173
9158394876,1159301.0,0.001159301
9157259549,-1135327.0,-0.001135327
9165647297,8387748.0,0.008387748
9199525955,33878658.0,0.033878658
9200286356,760401.0,0.000760401
9648370150,448083794.0,0.448083794
9648991230,621080.0,0.00062108
9649275722,284492.0,0.000284492
9649896517,620795.0,0.000620795
9650142604,246087.0,0.000246087
9656880899,6738295.0,0.006738295
9688281638,31400739.0,0.031400739
9689193891,912253.0,0.000912253
9703004542,13810651.0,0.013810651
9703232309,227767.0,0.000227767
9703242793,10484.0,1.0484e-05
9710091993,6849200.0,0.0068492
9714396573,4304580.0,0.00430458
9749125925,34729352.0,0.034729352
9749980883,854958.0,0.000854958
9762931371,12950488.0,0.012950488
9763400234,468863.0,0.000468863
9770217845,6817611.0,0.006817611
9772458019,2240174.0,0.002240174
9772721705,263686.0,0.000263686
9800916029,28194324.0,0.028194324
9801730238,814209.0,0.000814209
10006962941,205232703.0,0.205232703
10007357446,394505.0,0.000394505
10007185939,-171507.0,-0.000171507
10007946445,760506.0,0.000760506
10019636834,11690389.0,0.011690389
10061471872,41835038.0,0.041835038
10062236990,765118.0,0.000765118
10603805697,541568707.0,0.541568707
10604456385,650688.0,0.000650688
10604738930,282545.0,0.000282545
10604758585,19655.0,1.9655e-05
10610040505,5281920.0,0.00528192
10612553409,2512904.0,0.002512904
10643167541,30614132.0,0.030614132
10643939423,771882.0,0.000771882
10667618321,23678898.0,0.023678898
10667892926,274605.0,0.000274605
10667901007,8081.0,8.081e-06
10669944919,2043912.0,0.002043912
10675732583,5787664.0,0.005787664
10710571078,34838495.0,0.034838495
10711334984,763906.0,0.000763906
10723774527,12439543.0,0.012439543
10724272276,497749.0,0.000497749
10731115829,6843553.0,0.006843553
10733651691,2535862.0,0.002535862
10733879699,228008.0,0.000228008
10762983052,29103353.0,0.029103353
10763736119,753067.0,0.000753067
11223905425,460169306.0,0.460169306
11224110296,204871.0,0.000204871
11224166402,56106.0,5.6106e-05
11230116577,5950175.0,0.005950175
11232254034,2137457.0,0.002137457
11264286885,32032851.0,0.032032851
11265122177,835292.0,0.000835292
11277872455,12750278.0,0.012750278
11278481123,608668.0,0.000608668
11278724484,243361.0,0.000243361
11279254054,529570.0,0.00052957
11279492824,238770.0,0.00023877
11286461820,6968996.0,0.006968996
11317024382,30562562.0,0.030562562
11317874213,849831.0,0.000849831
11329279530,11405317.0,0.011405317
11329569629,290099.0,0.000290099
11334293396,4723767.0,0.004723767
11334783226,489830.0,0.00048983
11341613224,6829998.0,0.006829998
11372219890,30606666.0,0.030606666
11373138350,918460.0,0.00091846
11555135970,181997620.0,0.18199762
11555373248,237278.0,0.000237278
11555385422,12174.0,1.2174e-05
11558331472,2946050.0,0.00294605
11563862338,5530866.0,0.005530866
11616737680,52875342.0,0.052875342
11618159367,1421687.0,0.001421687
11725829063,107669696.0,0.107669696
11726063222,234159.0,0.000234159
11726076676,13454.0,1.3454e-05
11726395383,318707.0,0.000318707
11733120061,6724678.0,0.006724678
11772450681,39330620.0,0.03933062
11773241173,790492.0,0.000790492
11931845290,158604117.0,0.158604117
11932537338,692048.0,0.000692048
11932889386,352048.0,0.000352048
11932764667,-124719.0,-0.000124719
11933268554,503887.0,0.000503887
11939667430,6398876.0,0.006398876
11975530463,35863033.0,0.035863033
11976328089,797626.0,0.000797626
12288805695,312477606.0,0.312477606
12289092173,286478.0,0.000286478
12289060426,-31747.0,-3.1747e-05
12289381311,320885.0,0.000320885
12296163548,6782237.0,0.006782237
12326929489,30765941.0,0.030765941
12327657969,728480.0,0.00072848
12418801777,91143808.0,0.091143808
12419027749,225972.0,0.000225972
12419006103,-21646.0,-2.1646e-05
12419304520,298417.0,0.000298417
12426246490,6941970.0,0.00694197
12461432860,35186370.0,0.03518637
12462343146,910286.0,0.000910286
12474685562,12342416.0,0.012342416
12474919254,233692.0,0.000233692
12474702056,-217198.0,-0.000217198
12475213991,511935.0,0.000511935
12481936801,6722810.0,0.00672281
12517618825,35682024.0,0.035682024
12518429165,810340.0,0.00081034
13181799011,663369846.0,0.663369846
13182442281,643270.0,0.00064327
13182725102,282821.0,0.000282821
13182743213,18111.0,1.8111e-05
13183110746,367533.0,0.000367533
13189560809,6450063.0,0.006450063
13220209624,30648815.0,0.030648815
13221002886,793262.0,0.000793262
13252335237,31332351.0,0.031332351
13252568029,232792.0,0.000232792
13252572530,4501.0,4.501e-06
13252854595,282065.0,0.000282065
13259552467,6697872.0,0.006697872
13294451995,34899528.0,0.034899528
13295253231,801236.0,0.000801236
13311860121,16606890.0,0.01660689
13319019938,7159817.0,0.007159817
13321641248,2621310.0,0.00262131
13321872145,230897.0,0.000230897
13322177215,305070.0,0.00030507
13350101889,27924674.0,0.027924674
13350831809,729920.0,0.00072992
13549832309,199000500.0,0.1990005
13550055185,222876.0,0.000222876
13549999296,-55889.0,-5.5889e-05
13550342688,343392.0,0.000343392
13563074950,12732262.0,0.012732262
13598839999,35765049.0,0.035765049
13599671115,831116.0,0.000831116
13834452665,234781550.0,0.23478155
13835099973,647308.0,0.000647308
13835850862,750889.0,0.000750889
13836931314,1080452.0,0.001080452
13837517471,586157.0,0.000586157
13845159081,7641610.0,0.00764161
13880788043,35628962.0,0.035628962
13882023094,1235051.0,0.001235051
14304873862,422850768.0,0.422850768
14305190035,316173.0,0.000316173
14305104861,-85174.0,-8.5174e-05
14305570748,465887.0,0.000465887
14312202782,6632034.0,0.006632034
14347084903,34882121.0,0.034882121
14347868896,783993.0,0.000783993
14412264528,64395632.0,0.064395632
14412501118,236590.0,0.00023659
14412506337,5219.0,5.219e-06
14412815608,309271.0,0.000309271
14419732473,6916865.0,0.006916865
14454637217,34904744.0,0.034904744
14455386381,749164.0,0.000749164
14467136544,11750163.0,0.011750163
14469667938,2531394.0,0.002531394
14469884655,216717.0,0.000216717
14470177027,292372.0,0.000292372
14474300430,4123403.0,0.004123403
14504996602,30696172.0,0.030696172
14505857596,860994.0,0.000860994
15250505732,744648136.0,0.744648136
15251459144,953412.0,0.000953412
15251940656,481512.0,0.000481512
15251743825,-196831.0,-0.000196831
15251772828,29003.0,2.9003e-05
15259997289,8224461.0,0.008224461
15291194814,31197525.0,0.031197525
15291906411,711597.0,0.000711597
15401958111,110051700.0,0.1100517
15402214092,255981.0,0.000255981
15402125743,-88349.0,-8.8349e-05
15402525950,400207.0,0.000400207
15409236010,6710060.0,0.00671006
15444341163,35105153.0,0.035105153
15445157698,816535.0,0.000816535
15487944491,42786793.0,0.042786793
15488176397,231906.0,0.000231906
15488124047,-52350.0,-5.235e-05
15488508208,384161.0,0.000384161
15499346378,10838170.0,0.01083817
15536268128,36921750.0,0.03692175
15537015194,747066.0,0.000747066
15719208583,182193389.0,0.182193389
15719486256,277673.0,0.000277673
15719483642,-2614.0,-2.614e-06
15719794505,310863.0,0.000310863
15733877075,14082570.0,0.01408257
15768666680,34789605.0,0.034789605
15769572888,906208.0,0.000906208
15988070111,218497223.0,0.218497223
15988815343,745232.0,0.000745232
15989142340,326997.0,0.000326997
15989016360,-125980.0,-0.00012598
15989366293,349933.0,0.000349933
15995934603,6568310.0,0.00656831
16042321444,46386841.0,0.046386841
16043129075,807631.0,0.000807631
16473658744,430529669.0,0.430529669
16474317385,658641.0,0.000658641
16474742243,424858.0,0.000424858
16474628193,-114050.0,-0.00011405
16474570541,-57652.0,-5.7652e-05
16485626128,11055587.0,0.011055587
16525052553,39426425.0,0.039426425
16526452901,1400348.0,0.001400348
16597236728,70783827.0,0.070783827
16597539491,302763.0,0.000302763
16597532728,-6763.0,-6.763e-06
16597882175,349447.0,0.000349447
16604467091,6584916.0,0.006584916
16637010328,32543237.0,0.032543237
16637286285,275957.0,0.000275957
16646723776,9437491.0,0.009437491
16647372429,648653.0,0.000648653
16647632873,260444.0,0.000260444
16647628805,-4068.0,-4.068e-06
16647948131,319326.0,0.000319326
16654525261,6577130.0,0.00657713
16695979253,41453992.0,0.041453992
16696697671,718418.0,0.000718418
17113884206,417186535.0,0.417186535
17114210146,325940.0,0.00032594
17114055745,-154401.0,-0.000154401
17114406192,350447.0,0.000350447
17121138608,6732416.0,0.006732416
17158708342,37569734.0,0.037569734
17159518499,810157.0,0.000810157
17393391402,233872903.0,0.233872903
17394076535,685133.0,0.000685133
17394365452,288917.0,0.000288917
17394378204,12752.0,1.2752e-05
17394779332,401128.0,0.000401128
17401166703,6387371.0,0.006387371
17436791740,35625037.0,0.035625037
17437664828,873088.0,0.000873088
17966626707,528961879.0,0.528961879
17967215083,588376.0,0.000588376
17967474540,259457.0,0.000259457
17967510106,35566.0,3.5566e-05
17967969707,459601.0,0.000459601
17974287508,6317801.0,0.006317801
18004636999,30349491.0,0.030349491
18005402602,765603.0,0.000765603
18065868237,60465635.0,0.060465635
18066549342,681105.0,0.000681105
18066797840,248498.0,0.000248498
18067308314,510474.0,0.000510474
18067116677,-191637.0,-0.000191637
18074051083,6934406.0,0.006934406
18112928824,38877741.0,0.038877741
18113830636,901812.0,0.000901812
18170538756,56708120.0,0.05670812
18171092882,554126.0,0.000554126
18171366344,273462.0,0.000273462
18171397908,31564.0,3.1564e-05
18171657243,259335.0,0.000259335
18178414635,6757392.0,0.006757392
18209062341,30647706.0,0.030647706
18209913823,851482.0,0.000851482
18588350845,378437022.0,0.378437022
18588471095,120250.0,0.00012025
18588744462,273367.0,0.000273367
18588614960,-129502.0,-0.000129502
18595604358,6989398.0,0.006989398
18631556006,35951648.0,0.035951648
18632328986,772980.0,0.00077298
18644437975,12108989.0,0.012108989
18645280385,842410.0,0.00084241
18653685211,8404826.0,0.008404826
18654149005,463794.0,0.000463794
18654289037,140032.0,0.000140032
18656552139,2263102.0,0.002263102
18687907079,31354940.0,0.03135494
18688691301,784222.0,0.000784222
19271139968,582448667.0,0.582448667
19271403394,263426.0,0.000263426
19271306348,-97046.0,-9.7046e-05
19271854539,548191.0,0.000548191
19282807989,10953450.0,0.01095345
19314433116,31625127.0,0.031625127
19315214614,781498.0,0.000781498
19728403102,413188488.0,0.413188488
19729094711,691609.0,0.000691609
19729351507,256796.0,0.000256796
19729663535,312028.0,0.000312028
19729382652,-280883.0,-0.000280883
19736289543,6906891.0,0.006906891
19767379735,31090192.0,0.031090192
19768319462,939727.0,0.000939727
19861221975,92902513.0,0.092902513
19861545594,323619.0,0.000323619
19861385903,-159691.0,-0.000159691
19861958791,572888.0,0.000572888
19868611673,6652882.0,0.006652882
19904013657,35401984.0,0.035401984
19904767400,753743.0,0.000753743
20036119125,131351725.0,0.131351725
20036352621,233496.0,0.000233496
20036164463,-188158.0,-0.000188158
20036792839,628376.0,0.000628376
20047474504,10681665.0,0.010681665
20088466302,40991798.0,0.040991798
20089267537,801235.0,0.000801235
20242670588,153403051.0,0.153403051
20242969600,299012.0,0.000299012
20242759836,-209764.0,-0.000209764
20243264677,504841.0,0.000504841
20254393731,11129054.0,0.011129054
20291009276,36615545.0,0.036615545
20291892870,883594.0,0.000883594
20350566519,58673649.0,0.058673649
20351199506,632987.0,0.000632987
20351487422,287916.0,0.000287916
20351457275,-30147.0,-3.0147e-05
20351783134,325859.0,0.000325859
20364887226,13104092.0,0.013104092
20397286663,32399437.0,0.032399437
20398095057,808394.0,0.000808394
20505267922,107172865.0,0.107172865
20505549716,281794.0,0.000281794
20505551988,2272.0,2.272e-06
20505871320,319332.0,0.000319332
20516355287,10483967.0,0.010483967
20560164139,43808852.0,0.043808852
20560889001,724862.0,0.000724862
20665194609,104305608.0,0.104305608
20665652357,457748.0,0.000457748
20665488334,-164023.0,-0.000164023
20665427957,-60377.0,-6.0377e-05
20675799710,10371753.0,0.010371753
20698141325,22341615.0,0.022341615
20698410903,269578.0,0.000269578
20704630248,6219345.0,0.006219345
20704852268,222020.0,0.00022202
20705264347,412079.0,0.000412079
20705331501,67154.0,6.7154e-05
20707434139,2102638.0,0.002102638
20716845890,9411751.0,0.009411751
20717064138,218248.0,0.000218248
21055685359,338621221.0,0.338621221
21055978687,293328.0,0.000293328
21057907700,1929013.0,0.001929013
21066119998,8212298.0,0.008212298
21066339384,219386.0,0.000219386
21066739764,400380.0,0.00040038
21072658715,5918951.0,0.005918951
21072890173,231458.0,0.000231458
21214230136,141339963.0,0.141339963
21216389530,2159394.0,0.002159394
21217779044,1389514.0,0.001389514
21218023689,244645.0,0.000244645
21218287731,264042.0,0.000264042
21226504196,8216465.0,0.008216465
21226790896,286700.0,0.0002867
21270579743,43788847.0,0.043788847
21272737495,2157752.0,0.002157752
21277661028,4923533.0,0.004923533
21277891532,230504.0,0.000230504
21278175951,284419.0,0.000284419
21284379775,6203824.0,0.006203824
21284650759,270984.0,0.000270984
21416902208,132251449.0,0.132251449
21419058325,2156117.0,0.002156117
21421632922,2574597.0,0.002574597
21421854351,221429.0,0.000221429
21422132351,278000.0,0.000278
21442531094,20398743.0,0.020398743
21442809719,278625.0,0.000278625
21771411567,328601848.0,0.328601848
21771750733,339166.0,0.000339166
21773867495,2116762.0,0.002116762
21778072583,4205088.0,0.004205088
21778321082,248499.0,0.000248499
21778701933,380851.0,0.000380851
21784709048,6007115.0,0.006007115
21784940077,231029.0,0.000231029
22073155247,288215170.0,0.28821517
22074180903,1025656.0,0.001025656
22074905968,725065.0,0.000725065
22075317295,411327.0,0.000411327
22075360290,42995.0,4.2995e-05
22088659113,13298823.0,0.013298823
22088929036,269923.0,0.000269923
22122169964,33240928.0,0.033240928
22122514634,344670.0,0.00034467
22123255354,740720.0,0.00074072
22124170393,915039.0,0.000915039
22124335855,165462.0,0.000165462
22134909045,10573190.0,0.01057319
22135149048,240003.0,0.000240003
22166560972,31411924.0,0.031411924
22166928157,367185.0,0.000367185
22167650290,722133.0,0.000722133
22168584510,934220.0,0.00093422
22168994072,409562.0,0.000409562
22179666021,10671949.0,0.010671949
22179896346,230325.0,0.000230325
22591331295,411434949.0,0.411434949
22591683100,351805.0,0.000351805
22592280359,597259.0,0.000597259
22592992685,712326.0,0.000712326
22593792289,799604.0,0.000799604
22594454474,662185.0,0.000662185
22603173510,8719036.0,0.008719036
22603409830,236320.0,0.00023632
22881173611,277763781.0,0.277763781
22881591048,417437.0,0.000417437
22882347947,756899.0,0.000756899
22883261916,913969.0,0.000913969
22887410658,4148742.0,0.004148742
22898822312,11411654.0,0.011411654
22899080545,258233.0,0.000258233
22977647546,78567001.0,0.078567001
22977993867,346321.0,0.000346321
22978732419,738552.0,0.000738552
22979681579,949160.0,0.00094916
22979778598,97019.0,9.7019e-05
22990646729,10868131.0,0.010868131
22990855608,208879.0,0.000208879
22995430024,4574416.0,0.004574416
22995746267,316243.0,0.000316243
22996490107,743840.0,0.00074384
22997365093,874986.0,0.000874986
22997613103,248010.0,0.00024801
23007821683,10208580.0,0.01020858
23008056788,235105.0,0.000235105
24111441343,1103384555.0,1.103384555
24112342190,900847.0,0.000900847
24119637497,7295307.0,0.007295307
24120300678,663181.0,0.000663181
24121704401,1403723.0,0.001403723
24130470883,8766482.0,0.008766482
24162922684,32451801.0,0.032451801
24163700639,777955.0,0.000777955
24179376999,15676360.0,0.01567636
24182354046,2977047.0,0.002977047
24182900601,546555.0,0.000546555
24183850823,950222.0,0.000950222
24189174295,5323472.0,0.005323472
24234705126,45530831.0,0.045530831
24235519768,814642.0,0.000814642
24254698055,19178287.0,0.019178287
24255435262,737207.0,0.000737207
24256861673,1426411.0,0.001426411
24257111635,249962.0,0.000249962
24263968947,6857312.0,0.006857312
24299264187,35295240.0,0.03529524
24300038755,774568.0,0.000774568
24490734905,190696150.0,0.19069615
24493927039,3192134.0,0.003192134
24494162420,235381.0,0.000235381
24494337498,175078.0,0.000175078
24501531778,7194280.0,0.00719428
24538910050,37378272.0,0.037378272
24539730092,820042.0,0.000820042
24768806768,229076676.0,0.229076676
24769479836,673068.0,0.000673068
24769742416,262580.0,0.00026258
24770439691,697275.0,0.000697275
24770360882,-78809.0,-7.8809e-05
24777374065,7013183.0,0.007013183
24825970110,48596045.0,0.048596045
24826739632,769522.0,0.000769522
24986893990,160154358.0,0.160154358
24987157548,263558.0,0.000263558
24987148178,-9370.0,-9.37e-06
24987448335,300157.0,0.000300157
24994207770,6759435.0,0.006759435
25034565564,40357794.0,0.040357794
25035309110,743546.0,0.000743546
25217705540,182396430.0,0.18239643
25219874990,2169450.0,0.00216945
25221692159,1817169.0,0.001817169
25221865481,173322.0,0.000173322
25222000250,134769.0,0.000134769
25229840254,7840004.0,0.007840004
25230077297,237043.0,0.000237043
25241709242,11631945.0,0.011631945
25241928531,219289.0,0.000219289
25242385265,456734.0,0.000456734
25242458907,73642.0,7.3642e-05
25244520952,2062045.0,0.002062045
25253915776,9394824.0,0.009394824
25254148979,233203.0,0.000233203
25954168966,700019987.0,0.700019987
25954847788,678822.0,0.000678822
25955106578,258790.0,0.00025879
25955133984,27406.0,2.7406e-05
25955575412,441428.0,0.000441428
25961958590,6383178.0,0.006383178
25992892120,30933530.0,0.03093353
25993776458,884338.0,0.000884338
26028694210,34917752.0,0.034917752
26028931196,236986.0,0.000236986
26028926124,-5072.0,-5.072e-06
26029262635,336511.0,0.000336511
26036372557,7109922.0,0.007109922
26073214691,36842134.0,0.036842134
26074124357,909666.0,0.000909666
26098817644,24693287.0,0.024693287
26099052490,234846.0,0.000234846
26099018556,-33934.0,-3.3934e-05
26099309840,291284.0,0.000291284
26114166712,14856872.0,0.014856872
26172873571,58706859.0,0.058706859
26181803031,8929460.0,0.00892946
26847951056,666148025.0,0.666148025
26848183693,232637.0,0.000232637
26848391119,207426.0,0.000207426
26848101044,-290075.0,-0.000290075
26856531467,8430423.0,0.008430423
26888291508,31760041.0,0.031760041
26889100145,808637.0,0.000808637
26901723047,12622902.0,0.012622902
26902351068,628021.0,0.000628021
26902593003,241935.0,0.000241935
26903051501,458498.0,0.000458498
26902630060,-421441.0,-0.000421441
26909849342,7219282.0,0.007219282
26940208643,30359301.0,0.030359301
26940965230,756587.0,0.000756587
26952677511,11712281.0,0.011712281
26952957290,279779.0,0.000279779
26952940866,-16424.0,-1.6424e-05
26953851332,910466.0,0.000910466
26959996129,6144797.0,0.006144797
26991049298,31053169.0,0.031053169
26991850869,801571.0,0.000801571
27558340608,566489739.0,0.566489739
27558499192,158584.0,0.000158584
27558834944,335752.0,0.000335752
27558678753,-156191.0,-0.000156191
27565713722,7034969.0,0.007034969
27598062276,32348554.0,0.032348554
27598851211,788935.0,0.000788935
27610736170,11884959.0,0.011884959
27610974855,238685.0,0.000238685
27610961320,-13535.0,-1.3535e-05
27611294496,333176.0,0.000333176
27618151545,6857049.0,0.006857049
27649041732,30890187.0,0.030890187
27649885389,843657.0,0.000843657
27663279083,13393694.0,0.013393694
27664145979,866896.0,0.000866896
27664136456,-9523.0,-9.523e-06
27664403684,267228.0,0.000267228
27664861941,458257.0,0.000458257
27671130672,6268731.0,0.006268731
27702000449,30869777.0,0.030869777
27702814344,813895.0,0.000813895
27987330943,284516599.0,0.284516599
27987646799,315856.0,0.000315856
27988196986,550187.0,0.000550187
27987144072,-1052914.0,-0.001052914
27995258235,8114163.0,0.008114163
28035807793,40549558.0,0.040549558
28036535416,727623.0,0.000727623
28097975503,61440087.0,0.061440087
28097783299,-192204.0,-0.000192204
28101786878,4003579.0,0.004003579
28102382335,595457.0,0.000595457
28113779343,11397008.0,0.011397008
28123412602,9633259.0,0.009633259
28123631057,218455.0,0.000218455
28127861510,4230453.0,0.004230453
28127986450,124940.0,0.00012494
28128091085,104635.0,0.000104635
28128820759,729674.0,0.000729674
28130175402,1354643.0,0.001354643
28139429757,9254355.0,0.009254355
28139684540,254783.0,0.000254783
28525816876,386132336.0,0.386132336
28526095334,278458.0,0.000278458
28528131972,2036638.0,0.002036638
28528139784,7812.0,7.812e-06
28528832267,692483.0,0.000692483
28533665815,4833548.0,0.004833548
28537898619,4232804.0,0.004232804
28538128543,229924.0,0.000229924
28912446671,374318128.0,0.374318128
28912780671,334000.0,0.000334
28913692192,911521.0,0.000911521
28913605241,-86951.0,-8.6951e-05
28918704436,5099195.0,0.005099195
28932774567,14070131.0,0.014070131
28933022707,248140.0,0.00024814
28993284825,60262118.0,0.060262118
28996104342,2819517.0,0.002819517
28993646194,-2458148.0,-0.002458148
28993677131,30937.0,3.0937e-05
29002240437,8563306.0,0.008563306
29006046654,3806217.0,0.003806217
29006263090,216436.0,0.000216436
29010594963,4331873.0,0.004331873
29010719502,124539.0,0.000124539
29010588910,-130592.0,-0.000130592
29011207411,618501.0,0.000618501
29012859129,1651718.0,0.001651718
29022616023,9756894.0,0.009756894
29022897794,281771.0,0.000281771
30130883158,1107985364.0,1.107985364
30131776989,893831.0,0.000893831
30133680944,1903955.0,0.001903955
30139552748,5871804.0,0.005871804
30140239135,686387.0,0.000686387
30142418916,2179781.0,0.002179781
30172755014,30336098.0,0.030336098
30173582571,827557.0,0.000827557
30200272291,26689720.0,0.02668972
30200584920,312629.0,0.000312629
30201179478,594558.0,0.000594558
30200075432,-1104046.0,-0.001104046
30208525560,8450128.0,0.008450128
30244292760,35767200.0,0.0357672
30245088909,796149.0,0.000796149
30261607546,16518637.0,0.016518637
30262288663,681117.0,0.000681117
30263172162,883499.0,0.000883499
30263349339,177177.0,0.000177177
30271229682,7880343.0,0.007880343
30301977300,30747618.0,0.030747618
30302742245,764945.0,0.000764945
30491642696,188900451.0,0.188900451
30492018120,375424.0,0.000375424
30493704697,1686577.0,0.001686577
30493935761,231064.0,0.000231064
30505107155,11171394.0,0.011171394
30546307648,41200493.0,0.041200493
30547085374,777726.0,0.000777726
31308455755,761370381.0,0.761370381
31310200537,1744782.0,0.001744782
31310501250,300713.0,0.000300713
31310462991,-38259.0,-3.8259e-05
31310794268,331277.0,0.000331277
31317410202,6615934.0,0.006615934
31348239834,30829632.0,0.030829632
31349056146,816312.0,0.000816312
31384232149,35176003.0,0.035176003
31384464882,232733.0,0.000232733
31384426733,-38149.0,-3.8149e-05
31384787051,360318.0,0.000360318
31391506699,6719648.0,0.006719648
31426435681,34928982.0,0.034928982
31427241668,805987.0,0.000805987
31443877462,16635794.0,0.016635794
31451029443,7151981.0,0.007151981
31453646191,2616748.0,0.002616748
31453880644,234453.0,0.000234453
31454236037,355393.0,0.000355393
31483226225,28990188.0,0.028990188
31483992842,766617.0,0.000766617
31860096825,376103983.0,0.376103983
31860332160,235335.0,0.000235335
31860318305,-13855.0,-1.3855e-05
31860644635,326330.0,0.00032633
31867547135,6902500.0,0.0069025
31899146457,31599322.0,0.031599322
31899917166,770709.0,0.000770709
32123037812,223120646.0,0.223120646
32123669218,631406.0,0.000631406
32123888957,219739.0,0.000219739
32123982891,93934.0,9.3934e-05
32124219992,237101.0,0.000237101
32138817633,14597641.0,0.014597641
32173140323,34322690.0,0.03432269
32175145446,2005123.0,0.002005123
32204596912,29451466.0,0.029451466
32204831052,234140.0,0.00023414
32204806552,-24500.0,-2.45e-05
32205148266,341714.0,0.000341714
32211965749,6817483.0,0.006817483
32246632750,34667001.0,0.034667001
32247381013,748263.0,0.000748263
32540936765,293555752.0,0.293555752
32541206923,270158.0,0.000270158
32541398013,191090.0,0.00019109
32541186713,-211300.0,-0.0002113
32548356854,7170141.0,0.007170141
32583098806,34741952.0,0.034741952
32583907345,808539.0,0.000808539
32704027108,120119763.0,0.120119763
32704305557,278449.0,0.000278449
32704243255,-62302.0,-6.2302e-05
32704519305,276050.0,0.00027605
32711546673,7027368.0,0.007027368
32747130172,35583499.0,0.035583499
32747959038,828866.0,0.000828866
32760927218,12968180.0,0.01296818
32765847376,4920158.0,0.004920158
32766173193,325817.0,0.000325817
32766061299,-111894.0,-0.000111894
32766324211,262912.0,0.000262912
32773028668,6704457.0,0.006704457
32804024952,30996284.0,0.030996284
32804821705,796753.0,0.000796753
33127936218,323114513.0,0.323114513
33128199746,263528.0,0.000263528
33128119369,-80377.0,-8.0377e-05
33128538182,418813.0,0.000418813
33135093268,6555086.0,0.006555086
33170495499,35402231.0,0.035402231
33171287773,792274.0,0.000792274
33187731547,16443774.0,0.016443774
33194887432,7155885.0,0.007155885
33197662033,2774601.0,0.002774601
33197898846,236813.0,0.000236813
33198187343,288497.0,0.000288497
33225705869,27518526.0,0.027518526
33226468210,762341.0,0.000762341
33366092538,139624328.0,0.139624328
33366320127,227589.0,0.000227589
33366196525,-123602.0,-0.000123602
33366638626,442101.0,0.000442101
33376656164,10017538.0,0.010017538
33417686503,41030339.0,0.041030339
33418430630,744127.0,0.000744127
34218796182,800365552.0,0.800365552
34219425119,628937.0,0.000628937
34219688858,263739.0,0.000263739
34219692752,3894.0,3.894e-06
34220100540,407788.0,0.000407788
34226536463,6435923.0,0.006435923
34257258479,30722016.0,0.030722016
34258083193,824714.0,0.000824714
34289836201,31753008.0,0.031753008
34290061039,224838.0,0.000224838
34289987240,-73799.0,-7.3799e-05
34290362610,375370.0,0.00037537
34297034052,6671442.0,0.006671442
34332180484,35146432.0,0.035146432
34333170034,989550.0,0.00098955
34349789128,16619094.0,0.016619094
34356894356,7105228.0,0.007105228
34357597643,703287.0,0.000703287
34357798662,201019.0,0.000201019
34358056503,257841.0,0.000257841
34387540989,29484486.0,0.029484486
34388313069,772080.0,0.00077208
34586969778,198656709.0,0.198656709
34587228914,259136.0,0.000259136
34587128267,-100647.0,-0.000100647
34587444910,316643.0,0.000316643
34601746899,14301989.0,0.014301989
34637890412,36143513.0,0.036143513
34638692808,802396.0,0.000802396
35407001371,768308563.0,0.768308563
35407789549,788178.0,0.000788178
35408079132,289583.0,0.000289583
35408067044,-12088.0,-1.2088e-05
35408488222,421178.0,0.000421178
35414868879,6380657.0,0.006380657
35445603814,30734935.0,0.030734935
35446397284,793470.0,0.00079347
35489284370,42887086.0,0.042887086
35489553908,269538.0,0.000269538
35489579301,25393.0,2.5393e-05
35489872978,293677.0,0.000293677
35496677248,6804270.0,0.00680427
35531540075,34862827.0,0.034862827
35532357829,817754.0,0.000817754
35548562237,16204408.0,0.016204408
35553628458,5066221.0,0.005066221
35553865628,237170.0,0.00023717
35554240950,375322.0,0.000375322
35555706328,1465378.0,0.001465378
35586555289,30848961.0,0.030848961
35587302269,746980.0,0.00074698
35807918681,220616412.0,0.220616412
35808335712,417031.0,0.000417031
35808165323,-170389.0,-0.000170389
35808139530,-25793.0,-2.5793e-05
35819495470,11355940.0,0.01135594
35850994467,31498997.0,0.031498997
35851763700,769233.0,0.000769233
36535518722,683755022.0,0.683755022
36537208991,1690269.0,0.001690269
36537534390,325399.0,0.000325399
36537560774,26384.0,2.6384e-05
36537940962,380188.0,0.000380188
36544417231,6476269.0,0.006476269
36575196434,30779203.0,0.030779203
36576000247,803813.0,0.000803813
36617800005,41799758.0,0.041799758
36618036767,236762.0,0.000236762
36617976796,-59971.0,-5.9971e-05
36618315958,339162.0,0.000339162
36625189674,6873716.0,0.006873716
36659368150,34178476.0,0.034178476
36660124409,756259.0,0.000756259
36672758196,12633787.0,0.012633787
36673224213,466017.0,0.000466017
36677709660,4485447.0,0.004485447
36677935678,226018.0,0.000226018
36680100848,2165170.0,0.00216517
36710882631,30781783.0,0.030781783
36711658254,775623.0,0.000775623
37287872499,576214245.0,0.576214245
37288144538,272039.0,0.000272039
37288166398,21860.0,2.186e-05
37294129743,5963345.0,0.005963345
37296478029,2348286.0,0.002348286
37327072577,30594548.0,0.030594548
37327862339,789762.0,0.000789762
37340254817,12392478.0,0.012392478
37341711804,1456987.0,0.001456987
37341956521,244717.0,0.000244717
37341977195,20674.0,2.0674e-05
37342180524,203329.0,0.000203329
37348809866,6629342.0,0.006629342
37379497979,30688113.0,0.030688113
37380245071,747092.0,0.000747092
37391899965,11654894.0,0.011654894
37392237439,337474.0,0.000337474
37398382780,6145341.0,0.006145341
37398900740,517960.0,0.00051796
37405627550,6726810.0,0.00672681
37436765078,31137528.0,0.031137528
37437573720,808642.0,0.000808642
37743733479,306159759.0,0.306159759
37743979702,246223.0,0.000246223
37743990633,10931.0,1.0931e-05
37750078523,6087890.0,0.00608789
37756436818,6358295.0,0.006358295
37795786049,39349231.0,0.039349231
37796559906,773857.0,0.000773857
37916057051,119497145.0,0.119497145
37916295093,238042.0,0.000238042
37916287962,-7131.0,-7.131e-06
37922044020,5756058.0,0.005756058
37935758055,13714035.0,0.013714035
37969949377,34191322.0,0.034191322
37970741124,791747.0,0.000791747
38089520722,118779598.0,0.118779598
38090142978,622256.0,0.000622256
38090392518,249540.0,0.00024954
38090946930,554412.0,0.000554412
38091191619,244689.0,0.000244689
38104007661,12816042.0,0.012816042
38140211917,36204256.0,0.036204256
38141004936,793019.0,0.000793019
38339025058,198020122.0,0.198020122
38339257567,232509.0,0.000232509
38339277432,19865.0,1.9865e-05
38342162380,2884948.0,0.002884948
38353626660,11464280.0,0.01146428
38399448461,45821801.0,0.045821801
38400249723,801262.0,0.000801262
38529869874,129620151.0,0.129620151
38530105874,236000.0,0.000236
38530082525,-23349.0,-2.3349e-05
38533949046,3866521.0,0.003866521
38542143245,8194199.0,0.008194199
38575350508,33207263.0,0.033207263
38575618438,267930.0,0.00026793
38581688434,6069996.0,0.006069996
38581910294,221860.0,0.00022186
38582270197,359903.0,0.000359903
38582834869,564672.0,0.000564672
38584344437,1509568.0,0.001509568
38597609264,13264827.0,0.013264827
38597878870,269606.0,0.000269606
38930722437,332843567.0,0.332843567
38930976223,253786.0,0.000253786
38931567887,591664.0,0.000591664
38933053892,1486005.0,0.001486005
38938089090,5035198.0,0.005035198
38938306074,216984.0,0.000216984
38943546798,5240724.0,0.005240724
38943783823,237025.0,0.000237025
39125216523,181432700.0,0.1814327
39125889260,672737.0,0.000672737
39127409236,1519976.0,0.001519976
39129692823,2283587.0,0.002283587
39129910284,217461.0,0.000217461
39137370848,7460564.0,0.007460564
39137663208,292360.0,0.00029236
39240112157,102448949.0,0.102448949
39240400270,288113.0,0.000288113
39240608374,208104.0,0.000208104
39241162819,554445.0,0.000554445
39242731855,1569036.0,0.001569036
39252013805,9281950.0,0.00928195
39252253239,239434.0,0.000239434
39256410812,4157573.0,0.004157573
39256602144,191332.0,0.000191332
39256909675,307531.0,0.000307531
39257582377,672702.0,0.000672702
39259011403,1429026.0,0.001429026
39269124896,10113493.0,0.010113493
39269362450,237554.0,0.000237554
39669743317,400380867.0,0.400380867
39670022833,279516.0,0.000279516
39670620668,597835.0,0.000597835
39672065900,1445232.0,0.001445232
39681618495,9552595.0,0.009552595
39683526720,1908225.0,0.001908225
39687963539,4436819.0,0.004436819
39688200770,237231.0,0.000237231
40009862224,321661454.0,0.321661454
40010466401,604177.0,0.000604177
40011202581,736180.0,0.00073618
40011650326,447745.0,0.000447745
40012002216,351890.0,0.00035189
40022913083,10910867.0,0.010910867
40023173921,260838.0,0.000260838
40095690753,72516832.0,0.072516832
40096032183,341430.0,0.00034143
40096791907,759724.0,0.000759724
40097846761,1054854.0,0.001054854
40098169115,322354.0,0.000322354
40107549882,9380767.0,0.009380767
40107777964,228082.0,0.000228082
40113660857,5882893.0,0.005882893
40113901885,241028.0,0.000241028
40114613288,711403.0,0.000711403
40115560816,947528.0,0.000947528
40115801781,240965.0,0.000240965
40129133882,13332101.0,0.013332101
40129371977,238095.0,0.000238095
40511486207,382114230.0,0.38211423
40511770054,283847.0,0.000283847
40513482288,1712234.0,0.001712234
40513933048,450760.0,0.00045076
40514184449,251401.0,0.000251401
40515495330,1310881.0,0.001310881
40523205723,7710393.0,0.007710393
40523441195,235472.0,0.000235472
40808504137,285062942.0,0.285062942
40808875734,371597.0,0.000371597
40809633335,757601.0,0.000757601
40810558929,925594.0,0.000925594
40810747137,188208.0,0.000188208
40828129523,17382386.0,0.017382386
40828376525,247002.0,0.000247002
40896626159,68249634.0,0.068249634
40896969238,343079.0,0.000343079
40897746119,776881.0,0.000776881
40898693327,947208.0,0.000947208
40898819491,126164.0,0.000126164
40908172790,9353299.0,0.009353299
40908404566,231776.0,0.000231776
40916536739,8132173.0,0.008132173
40916881360,344621.0,0.000344621
40917811200,929840.0,0.00092984
40918753591,942391.0,0.000942391
40918861444,107853.0,0.000107853
40928186465,9325021.0,0.009325021
40928412492,226027.0,0.000226027
41306710665,378298173.0,0.378298173
41306988028,277363.0,0.000277363
41308790898,1802870.0,0.00180287
41309319865,528967.0,0.000528967
41309775996,456131.0,0.000456131
41313674501,3898505.0,0.003898505
41318682946,5008445.0,0.005008445
41318943271,260325.0,0.000260325
41626254099,307310828.0,0.307310828
41626715359,461260.0,0.00046126
41626565295,-150064.0,-0.000150064
41629433137,2867842.0,0.002867842
41630138633,705496.0,0.000705496
41643270856,13132223.0,0.013132223
41643519334,248478.0,0.000248478
41716547732,73028398.0,0.073028398
41716857279,309547.0,0.000309547
41717711779,854500.0,0.0008545
41718800210,1088431.0,0.001088431
41721704110,2903900.0,0.0029039
41730601671,8897561.0,0.008897561
41730834105,232434.0,0.000232434
41735187559,4353454.0,0.004353454
41735340760,153201.0,0.000153201
41735283432,-57328.0,-5.7328e-05
41736008659,725227.0,0.000725227
41737422877,1414218.0,0.001414218
41747897558,10474681.0,0.010474681
41748179047,281489.0,0.000281489
42853488435,1105309388.0,1.105309388
42853785714,297279.0,0.000297279
42855559990,1774276.0,0.001774276
42856201440,641450.0,0.00064145
42855880812,-320628.0,-0.000320628
42856266058,385246.0,0.000385246
42869944387,13678329.0,0.013678329
42870179804,235417.0,0.000235417
42956808520,86628716.0,0.086628716
42957115143,306623.0,0.000306623
42958022929,907786.0,0.000907786
42960513973,2491044.0,0.002491044
42962230210,1716237.0,0.001716237
42972774701,10544491.0,0.010544491
42972997871,223170.0,0.00022317
43105741709,132743838.0,0.132743838
43106106253,364544.0,0.000364544
43106853234,746981.0,0.000746981
43107891321,1038087.0,0.001038087
43109847517,1956196.0,0.001956196
43117942817,8095300.0,0.0080953
43118342795,399978.0,0.000399978
43459011289,340668494.0,0.340668494
43459342382,331093.0,0.000331093
43460105605,763223.0,0.000763223
43461244924,1139319.0,0.001139319
43465744041,4499117.0,0.004499117
43471426778,5682737.0,0.005682737
43471655974,229196.0,0.000229196
43572676415,101020441.0,0.101020441
43572936074,259659.0,0.000259659
43574688076,1752002.0,0.001752002
43575402359,714283.0,0.000714283
43575054019,-348340.0,-0.00034834
43575617793,563774.0,0.000563774
43587087779,11469986.0,0.011469986
43587325960,238181.0,0.000238181
44056035870,468709910.0,0.46870991
44056402719,366849.0,0.000366849
44057159490,756771.0,0.000756771
44058192868,1033378.0,0.001033378
44061709309,3516441.0,0.003516441
44074222590,12513281.0,0.012513281
44074493177,270587.0,0.000270587
44246412915,171919738.0,0.171919738
44246765369,352454.0,0.000352454
44247505209,739840.0,0.00073984
44249104243,1599034.0,0.001599034
44248577680,-526563.0,-0.000526563
44259960595,11382915.0,0.011382915
44260196564,235969.0,0.000235969
44264914456,4717892.0,0.004717892
44265076673,162217.0,0.000162217
44265054901,-21772.0,-2.1772e-05
44265896533,841632.0,0.000841632
44267185548,1289015.0,0.001289015
44277135827,9950279.0,0.009950279
44277393282,257455.0,0.000257455
45041888229,764494947.0,0.764494947
45042141950,253721.0,0.000253721
45043806449,1664499.0,0.001664499
45044225692,419243.0,0.000419243
45044503260,277568.0,0.000277568
45049673938,5170678.0,0.005170678
45056005922,6331984.0,0.006331984
45056231260,225338.0,0.000225338
45129058320,72827060.0,0.07282706
45129361662,303342.0,0.000303342
45130229370,867708.0,0.000867708
45131175696,946326.0,0.000946326
45131214884,39188.0,3.9188e-05
45140519375,9304491.0,0.009304491
45140749976,230601.0,0.000230601
45391394083,250644107.0,0.250644107
45391711771,317688.0,0.000317688
45392414150,702379.0,0.000702379
45393393643,979493.0,0.000979493
45393541201,147558.0,0.000147558
45402867805,9326604.0,0.009326604
45403097249,229444.0,0.000229444
45798668866,395571617.0,0.395571617
45799015145,346279.0,0.000346279
45799754198,739053.0,0.000739053
45800691328,937130.0,0.00093713
45801113332,422004.0,0.000422004
45811590062,10476730.0,0.01047673
45811856230,266168.0,0.000266168
45816060000,4203770.0,0.00420377
45816344122,284122.0,0.000284122
45817888657,1544535.0,0.001544535
45818285354,396697.0,0.000396697
45818455065,169711.0,0.000169711
45819353484,898419.0,0.000898419
45829886222,10532738.0,0.010532738
45830119531,233309.0,0.000233309
45834897099,4777568.0,0.004777568
45835255997,358898.0,0.000358898
45836137167,881170.0,0.00088117
45837040796,903629.0,0.000903629
45837189211,148415.0,0.000148415
45850674563,13485352.0,0.013485352
45853166955,2492392.0,0.002492392
46509107702,655940747.0,0.655940747
46509529760,422058.0,0.000422058
46510337733,807973.0,0.000807973
46511319828,982095.0,0.000982095
46511290785,-29043.0,-2.9043e-05
46522591750,11300965.0,0.011300965
46522815315,223565.0,0.000223565
46526709610,3894295.0,0.003894295
46526811401,101791.0,0.000101791
46527194023,382622.0,0.000382622
46527901606,707583.0,0.000707583
46528850166,948560.0,0.00094856
46538658784,9808618.0,0.009808618
46538895232,236448.0,0.000236448
46543690084,4794852.0,0.004794852
46543932688,242604.0,0.000242604
46545722595,1789907.0,0.001789907
46545747855,25260.0,2.526e-05
46546425804,677949.0,0.000677949
46546475760,49956.0,4.9956e-05
46556138410,9662650.0,0.00966265
46556374512,236102.0,0.000236102
47231894435,675519923.0,0.675519923
47232263689,369254.0,0.000369254
47233050018,786329.0,0.000786329
47234125638,1075620.0,0.00107562
47237704124,3578486.0,0.003578486
47251768194,14064070.0,0.01406407
47252056473,288279.0,0.000288279
47376519720,124463247.0,0.124463247
47376830315,310595.0,0.000310595
47377610998,780683.0,0.000780683
47378696416,1085418.0,0.001085418
47381752331,3055915.0,0.003055915
47388479296,6726965.0,0.006726965
47388714674,235378.0,0.000235378
47440112219,51397545.0,0.051397545
47440466075,353856.0,0.000353856
47441354547,888472.0,0.000888472
47442366063,1011516.0,0.001011516
47445678198,3312135.0,0.003312135
47453000243,7322045.0,0.007322045
47453232448,232205.0,0.000232205
48295562574,842330126.0,0.842330126
48295906418,343844.0,0.000343844
48297714371,1807953.0,0.001807953
48297616782,-97589.0,-9.7589e-05
48298315809,699027.0,0.000699027
48298429057,113248.0,0.000113248
48308530838,10101781.0,0.010101781
48308806597,275759.0,0.000275759
48395068900,86262303.0,0.086262303
48395390441,321541.0,0.000321541
48396152329,761888.0,0.000761888
48397218488,1066159.0,0.001066159
48401700181,4481693.0,0.004481693
48408751037,7050856.0,0.007050856
48409012618,261581.0,0.000261581
48535638188,126625570.0,0.12662557
48536026617,388429.0,0.000388429
48537720541,1693924.0,0.001693924
48537989742,269201.0,0.000269201
48542873837,4884095.0,0.004884095
48578390062,35516225.0,0.035516225
48579173679,783617.0,0.000783617
48962513088,383339409.0,0.383339409
48962749065,235977.0,0.000235977
48962943708,194643.0,0.000194643
48962749387,-194321.0,-0.000194321
48969902238,7152851.0,0.007152851
49000432430,30530192.0,0.030530192
49001200580,768150.0,0.00076815
49022935486,21734906.0,0.021734906
49023571017,635531.0,0.000635531
49023825186,254169.0,0.000254169
49024039707,214521.0,0.000214521
49023861211,-178496.0,-0.000178496
49030919793,7058582.0,0.007058582
49065934157,35014364.0,0.035014364
49066735943,801786.0,0.000801786
49082859512,16123569.0,0.016123569
49083103896,244384.0,0.000244384
49083045389,-58507.0,-5.8507e-05
49083439047,393658.0,0.000393658
49090171603,6732556.0,0.006732556
49124877449,34705846.0,0.034705846
49125752925,875476.0,0.000875476
49539732556,413979631.0,0.413979631
49539966836,234280.0,0.00023428
49540158043,191207.0,0.000191207
49539974656,-183387.0,-0.000183387
49550039693,10065037.0,0.010065037
49588553926,38514233.0,0.038514233
49589391393,837467.0,0.000837467
49603755902,14364509.0,0.014364509
49604021529,265627.0,0.000265627
49604009414,-12115.0,-1.2115e-05
49609687385,5677971.0,0.005677971
49611164593,1477208.0,0.001477208
49645297444,34132851.0,0.034132851
49646104972,807528.0,0.000807528
49697192068,51087096.0,0.051087096
49698288947,1096879.0,0.001096879
49698166475,-122472.0,-0.000122472
49698056989,-109486.0,-0.000109486
49698634415,577426.0,0.000577426
49705157341,6522926.0,0.006522926
49740492997,35335656.0,0.035335656
49741268278,775281.0,0.000775281
50034262176,292993898.0,0.292993898
50034538792,276616.0,0.000276616
50034477321,-61471.0,-6.1471e-05
50034858696,381375.0,0.000381375
50041632072,6773376.0,0.006773376
50081775038,40142966.0,0.040142966
50082540710,765672.0,0.000765672
50245959352,163418642.0,0.163418642
50246196061,236709.0,0.000236709
50246133035,-63026.0,-6.3026e-05
50246510971,377936.0,0.000377936
50253121568,6610597.0,0.006610597
50298548807,45427239.0,0.045427239
50298806715,257908.0,0.000257908
50305691864,6885149.0,0.006885149
50305908458,216594.0,0.000216594
50306336819,428361.0,0.000428361
50306488615,151796.0,0.000151796
50308571426,2082811.0,0.002082811
50319041443,10470017.0,0.010470017
50319263486,222043.0,0.000222043
50749903150,430639664.0,0.430639664
50750189531,286381.0,0.000286381
50752230127,2040596.0,0.002040596
50754197191,1967064.0,0.001967064
50756677555,2480364.0,0.002480364
50757089372,411817.0,0.000411817
50761544896,4455524.0,0.004455524
50761804089,259193.0,0.000259193
50837609501,75805412.0,0.075805412
50838454044,844543.0,0.000844543
50839231685,777641.0,0.000777641
50839746410,514725.0,0.000514725
50840255708,509298.0,0.000509298
50848985650,8729942.0,0.008729942
50849250669,265019.0,0.000265019
50944637060,95386391.0,0.095386391
50944958083,321023.0,0.000321023
50945805044,846961.0,0.000846961
50946770800,965756.0,0.000965756
50946832480,61680.0,6.168e-05
50956303515,9471035.0,0.009471035
50956544314,240799.0,0.000240799
51296416906,339872592.0,0.339872592
51296758027,341121.0,0.000341121
51297921522,1163495.0,0.001163495
51298233263,311741.0,0.000311741
51298599130,365867.0,0.000365867
51308306945,9707815.0,0.009707815
51308574119,267174.0,0.000267174
51463287121,154713002.0,0.154713002
51463547490,260369.0,0.000260369
51464655222,1107732.0,0.001107732
51465343120,687898.0,0.000687898
51465645453,302333.0,0.000302333
51466622256,976803.0,0.000976803
51474931911,8309655.0,0.008309655
51475162107,230196.0,0.000230196
51750019355,274857248.0,0.274857248
51750363128,343773.0,0.000343773
51751112721,749593.0,0.000749593
51752041118,928397.0,0.000928397
51752151972,110854.0,0.000110854
51761314607,9162635.0,0.009162635
51769646681,8332074.0,0.008332074
51859566379,89919698.0,0.089919698
51859243120,-323259.0,-0.000323259
51860499764,1256644.0,0.001256644
51861415000,915236.0,0.000915236
51862651313,1236313.0,0.001236313
51874993123,12341810.0,0.01234181
51875266547,273424.0,0.000273424
51879335871,4069324.0,0.004069324
51879694578,358707.0,0.000358707
51880437488,742910.0,0.00074291
51881374502,937014.0,0.000937014
51885706744,4332242.0,0.004332242
51894832578,9125834.0,0.009125834
51895065427,232849.0,0.000232849
52277728350,382662923.0,0.382662923
52279213669,1485319.0,0.001485319
52280326637,1112968.0,0.001112968
52281016519,689882.0,0.000689882
52281580656,564137.0,0.000564137
52282641787,1061131.0,0.001061131
52290964171,8322384.0,0.008322384
52291187569,223398.0,0.000223398
52621857405,330669836.0,0.330669836
52622144638,287233.0,0.000287233
52622856748,712110.0,0.00071211
52623823015,966267.0,0.000966267
52624000950,177935.0,0.000177935
52635462513,11461563.0,0.011461563
52635726722,264209.0,0.000264209
52672346489,36619767.0,0.036619767
52672688381,341892.0,0.000341892
52673512992,824611.0,0.000824611
52674519954,1006962.0,0.001006962
52674540356,20402.0,2.0402e-05
52684695129,10154773.0,0.010154773
52684973478,278349.0,0.000278349
52754814804,69841326.0,0.069841326
52755140933,326129.0,0.000326129
52755902029,761096.0,0.000761096
52756835344,933315.0,0.000933315
52756951757,116413.0,0.000116413
52768383457,11431700.0,0.0114317
52768617234,233777.0,0.000233777
53217771580,449154346.0,0.449154346
53218031049,259469.0,0.000259469
53219438016,1406967.0,0.001406967
53220098768,660752.0,0.000660752
53220152172,53404.0,5.3404e-05
53221519016,1366844.0,0.001366844
53229260476,7741460.0,0.00774146
53233619419,4358943.0,0.004358943
53313818591,80199172.0,0.080199172
53314597490,778899.0,0.000778899
53315605243,1007753.0,0.001007753
53313422296,-2182947.0,-0.002182947
53318574056,5151760.0,0.00515176
53327752529,9178473.0,0.009178473
53328202260,449731.0,0.000449731
53524794018,196591758.0,0.196591758
53525188319,394301.0,0.000394301
53526023665,835346.0,0.000835346
53526894771,871106.0,0.000871106
53527006647,111876.0,0.000111876
53536179388,9172741.0,0.009172741
53536409345,229957.0,0.000229957
53758932593,222523248.0,0.222523248
53759265709,333116.0,0.000333116
53760293020,1027311.0,0.001027311
53761061684,768664.0,0.000768664
53761292514,230830.0,0.00023083
53770602364,9309850.0,0.00930985
53770862209,259845.0,0.000259845
53973756018,202893809.0,0.202893809
53974048334,292316.0,0.000292316
53975162274,1113940.0,0.00111394
53975910796,748522.0,0.000748522
53976084768,173972.0,0.000173972
53977100429,1015661.0,0.001015661
53985363667,8263238.0,0.008263238
53985697454,333787.0,0.000333787
54080603591,94906137.0,0.094906137
54080931107,327516.0,0.000327516
54081692360,761253.0,0.000761253
54082762631,1070271.0,0.001070271
54082863819,101188.0,0.000101188
54091941257,9077438.0,0.009077438
54092147770,206513.0,0.000206513
54373560613,281412843.0,0.281412843
54373910723,350110.0,0.00035011
54374680303,769580.0,0.00076958
54375634825,954522.0,0.000954522
54375697678,62853.0,6.2853e-05
54384963896,9266218.0,0.009266218
54385198753,234857.0,0.000234857
54446827718,61628965.0,0.061628965
54447193360,365642.0,0.000365642
54447943451,750091.0,0.000750091
54448908568,965117.0,0.000965117
54448979800,71232.0,7.1232e-05
54458280457,9300657.0,0.009300657
54458525960,245503.0,0.000245503
54966903523,508377563.0,0.508377563
54967776945,873422.0,0.000873422
54975580904,7803959.0,0.007803959
54976320599,739695.0,0.000739695
54977601182,1280583.0,0.001280583
54978849613,1248431.0,0.001248431
55008992465,30142852.0,0.030142852
55009808494,816029.0,0.000816029
55041660674,31852180.0,0.03185218
55045818465,4157791.0,0.004157791
55046443475,625010.0,0.00062501
55047462688,1019213.0,0.001019213
55051036173,3573485.0,0.003573485
55085616204,34580031.0,0.034580031
55086423121,806917.0,0.000806917
55107153339,20730218.0,0.020730218
55107831396,678057.0,0.000678057
55109196195,1364799.0,0.001364799
55109434667,238472.0,0.000238472
55116364912,6930245.0,0.006930245
55159255083,42890171.0,0.042890171
55160046388,791305.0,0.000791305
55346848045,186801657.0,0.186801657
55349721726,2873681.0,0.002873681
55349945258,223532.0,0.000223532
55350095081,149823.0,0.000149823
55359296697,9201616.0,0.009201616
55396321865,37025168.0,0.037025168
55397151741,829876.0,0.000829876
55643278033,246126292.0,0.246126292
55643898790,620757.0,0.000620757
55644123136,224346.0,0.000224346
55645922676,1799540.0,0.00179954
55646213583,290907.0,0.000290907
55653048247,6834664.0,0.006834664
55688191990,35143743.0,0.035143743
55688989577,797587.0,0.000797587
55878925245,189935668.0,0.189935668
55879159970,234725.0,0.000234725
55879091220,-68750.0,-6.875e-05
55879372290,281070.0,0.00028107
55886198304,6826014.0,0.006826014
55909872007,23673703.0,0.023673703
55910133105,261098.0,0.000261098
56210880372,300747267.0,0.300747267
56213030796,2150424.0,0.002150424
56217610071,4579275.0,0.004579275
56217870821,260750.0,0.00026075
56218173290,302469.0,0.000302469
56223170585,4997295.0,0.004997295
56223401179,230594.0,0.000230594
56303025571,79624392.0,0.079624392
56305158783,2133212.0,0.002133212
56306135992,977209.0,0.000977209
56306836224,700232.0,0.000700232
56307305544,469320.0,0.00046932
56317221210,9915666.0,0.009915666
56317528609,307399.0,0.000307399
56511970876,194442267.0,0.194442267
56512237366,266490.0,0.00026649
56513986908,1749542.0,0.001749542
56514687481,700573.0,0.000700573
56514786008,98527.0,9.8527e-05
56515911375,1125367.0,0.001125367
56527248479,11337104.0,0.011337104
56527488385,239906.0,0.000239906
56611531315,84042930.0,0.08404293
56611854220,322905.0,0.000322905
56612568728,714508.0,0.000714508
56613554841,986113.0,0.000986113
56613705432,150591.0,0.000150591
56626940347,13234915.0,0.013234915
56627203997,263650.0,0.00026365
56988690808,361486811.0,0.361486811
56989073457,382649.0,0.000382649
56989873474,800017.0,0.000800017
56990871431,997957.0,0.000997957
56990903141,31710.0,3.171e-05
57002148229,11245088.0,0.011245088
57002415686,267457.0,0.000267457
57250261722,247846036.0,0.247846036
57250631720,369998.0,0.000369998
57251405782,774062.0,0.000774062
57252348323,942541.0,0.000942541
57252473030,124707.0,0.000124707
57263896132,11423102.0,0.011423102
57264139476,243344.0,0.000243344
57339334349,75194873.0,0.075194873
57340204080,869731.0,0.000869731
57342558184,2354104.0,0.002354104
57343033002,474818.0,0.000474818
57350295985,7262983.0,0.007262983
57351825833,1529848.0,0.001529848
57382105326,30279493.0,0.030279493
57382924456,819130.0,0.00081913
57431395728,48471272.0,0.048471272
57437914555,6518827.0,0.006518827
57438828299,913744.0,0.000913744
57439832629,1004330.0,0.00100433
57446471381,6638752.0,0.006638752
57477227001,30755620.0,0.03075562
57478039443,812442.0,0.000812442
57592212971,114173528.0,0.114173528
57597881360,5668389.0,0.005668389
57598600631,719271.0,0.000719271
57599548803,948172.0,0.000948172
57610077135,10528332.0,0.010528332
57620770181,10693046.0,0.010693046
57621040529,270348.0,0.000270348
